id,first_name,last_name,email,gender,phone,city,course,registration_date
1,Nathaniel,Stonard,nstonard0@apache.org,Male,935-254-8291,Mananum,WEB,2022-01-04 20:55:03
2,Cary,Arnoud,carnoud1@tripod.com,Male,526-433-2457,Argungu,JavaScripr,2021-11-15 21:28:15
3,Gayel,Ancliff,gancliff2@sun.com,Female,537-366-2737,Kwangmyŏng,JavaScripr,2021-08-08 09:10:50
4,Rosana,Baleine,rbaleine3@sourceforge.net,Female,309-578-8951,Orange,Devops,2021-09-14 21:22:10
5,Rozina,McCaughey,rmccaughey4@amazon.co.jp,Genderfluid,866-833-9788,Xiongzhou,Devops,2021-09-02 15:56:45
6,Raviv,Roostan,rroostan5@bandcamp.com,Agender,447-655-4787,Phibun Mangsahan,C#,2021-03-27 14:57:25
7,Lusa,Corke,lcorke6@nsw.gov.au,Female,684-457-7278,Bondy,WEB,2021-08-02 05:19:31
8,Christine,Firby,cfirby7@bloomberg.com,Female,236-245-0872,Chitral,Python,2021-09-02 22:17:44
9,Alfreda,Jopke,ajopke8@wikia.com,Female,632-996-6948,Torres Novas,C#,2022-04-26 06:45:48
10,Moises,Dolder,mdolder9@nyu.edu,Polygender,829-200-3214,Beiguoyuan,C++,2022-04-03 03:01:03
11,Lennard,Lacelett,llaceletta@reuters.com,Male,707-565-4114,Tiraspol,JavaScripr,2021-07-26 05:18:55
12,Allan,Baylis,abaylisb@liveinternet.ru,Male,499-896-4404,Lyski,C#,2021-04-30 08:42:40
13,Andie,Birchenough,abirchenoughc@ycombinator.com,Male,127-683-3990,Natakoli,Kotlin,2022-03-29 01:11:27
14,Brunhilde,Graeser,bgraeserd@feedburner.com,Female,689-333-9700,Ruse,Kotlin,2021-10-05 00:12:27
15,Nan,Romain,nromaine@rediff.com,Female,306-573-7954,Wanghu,Kotlin,2022-05-23 01:59:01
16,Moreen,Spaight,mspaightf@comsenz.com,Female,292-587-1330,Santa Lucía,C#,2021-11-10 03:53:52
17,Benedikt,Edlin,bedling@fema.gov,Male,133-931-4946,Bendorubuh,Python,2022-04-15 01:52:54
18,Elnora,Zanassi,ezanassih@cornell.edu,Female,935-311-7401,Turbo,Frontend,2021-06-12 09:33:03
19,Marcille,Prophet,mpropheti@mashable.com,Female,280-418-2097,Shazhouba,C++,2022-04-10 04:43:33
20,Adella,Ronchetti,aronchettij@theguardian.com,Female,139-117-5455,Nanxi,Java,2021-09-06 12:15:18
21,Ernaline,Cormack,ecormackk@elegantthemes.com,Female,222-997-4315,Burayevo,SQA,2021-06-07 01:24:15
22,Nico,Geram,ngeraml@cnet.com,Male,913-597-1329,Jejkowice,Python,2021-07-30 13:04:03
23,Lucie,Quickenden,lquickendenm@tumblr.com,Female,795-290-5820,Auriflama,Python,2021-04-18 01:42:57
24,Adan,Duncanson,aduncansonn@huffingtonpost.com,Male,934-717-9522,Xiaosong,JavaScripr,2022-01-12 08:53:04
25,Nicolis,Tree,ntreeo@berkeley.edu,Male,444-518-7407,Sumberan,Backend,2021-04-10 23:49:04
26,Boonie,Kubicka,bkubickap@sogou.com,Male,798-807-7652,Danao,Python,2021-03-21 16:18:24
27,Karoline,Beavers,kbeaversq@blogspot.com,Female,747-643-3054,Paleran,SQA,2022-04-02 06:14:46
28,Livia,Goldsworthy,lgoldsworthyr@webeden.co.uk,Female,613-853-7387,Shaowu,C#,2022-04-29 15:39:13
29,Dietrich,Ciementini,dciementinis@fotki.com,Male,148-139-3794,Budaka,C#,2022-01-25 21:36:59
30,Rhoda,Giacomoni,rgiacomonit@upenn.edu,Female,955-395-3279,Citundun,WEB,2022-02-27 16:06:29
31,Charmane,Tomblin,ctomblinu@ihg.com,Female,605-577-2571,General Alvear,Kotlin,2022-04-05 18:23:19
32,Moreen,Gaytor,mgaytorv@eepurl.com,Female,376-137-7826,Villa Atamisqui,Python,2022-05-03 02:51:22
33,Hakeem,Loncaster,hloncasterw@discovery.com,Male,701-712-4243,Sifangxi,C++,2022-01-30 13:59:27
34,Giffer,Headly,gheadlyx@creativecommons.org,Polygender,568-130-7862,Oslo,C++,2021-06-23 18:04:03
35,Amerigo,Vaney,avaneyy@typepad.com,Male,770-756-4147,Lijiapu,JavaScripr,2021-04-10 14:31:28
36,Glynnis,Rickhuss,grickhussz@youtube.com,Female,120-279-6097,Masachapa,C#,2021-10-22 11:05:52
37,Brnaba,Spring,bspring10@squidoo.com,Male,900-723-3108,K’anak’erravan,Kotlin,2021-06-13 21:15:56
38,Maxie,Lowery,mlowery11@hud.gov,Female,220-744-8804,Châteaudun,Java,2022-04-01 00:17:39
39,Blithe,Stannering,bstannering12@cmu.edu,Female,576-915-4561,Luan Balu,C#,2022-01-30 08:53:05
40,Adam,Lis,alis13@uol.com.br,Male,908-386-2251,Mangas,Kotlin,2022-03-15 12:47:18
41,Vassily,Claxton,vclaxton14@smh.com.au,Male,764-798-3385,Janakpur,Backend,2021-10-24 16:07:38
42,Randene,Grahame,rgrahame15@apple.com,Female,932-310-3134,Hetian,JavaScripr,2021-07-15 20:17:54
43,Jsandye,Covely,jcovely16@jugem.jp,Female,264-313-5430,Malibong East,Kotlin,2021-05-14 12:13:28
44,Jean,Burnep,jburnep17@nature.com,Bigender,582-149-8428,Longjie,Devops,2021-08-31 09:06:00
45,Edin,Kaindl,ekaindl18@typepad.com,Genderfluid,339-178-5538,Santa Cruz das Flores,JavaScripr,2022-04-13 19:01:19
46,Vanny,Lanbertoni,vlanbertoni19@wiley.com,Bigender,938-333-3651,Liancheng,Devops,2021-06-05 06:21:43
47,Leah,Stother,lstother1a@4shared.com,Female,355-946-6449,Jõhvi,Backend,2021-03-16 07:00:22
48,Reeta,Clemmensen,rclemmensen1b@craigslist.org,Female,457-870-4579,Hanyū,SQA,2022-02-25 19:54:35
49,Francklyn,Bunclark,fbunclark1c@cpanel.net,Male,307-228-6437,Handegate,Java,2021-12-23 00:27:26
50,Lyell,Gerger,lgerger1d@ezinearticles.com,Male,233-637-7324,Ceibas,Kotlin,2021-04-23 08:34:25
51,Gaelan,Hallut,ghallut1e@netscape.com,Male,778-592-4332,Fahraj,SQL,2021-05-23 10:59:37
52,Danila,Weeds,dweeds1f@mapquest.com,Non-binary,500-221-6010,Tirah,PHP,2021-04-24 03:00:49
53,Deina,Kees,dkees1g@hao123.com,Female,393-833-6943,Jönköping,Kotlin,2022-04-26 18:59:22
54,Dionne,Birbeck,dbirbeck1h@123-reg.co.uk,Female,313-855-2543,Três Corações,Kotlin,2022-03-09 16:37:27
55,Mei,Boyton,mboyton1i@imdb.com,Non-binary,543-286-2178,Dingli,JavaScripr,2022-03-22 19:53:16
56,Graham,Forsaith,gforsaith1j@gov.uk,Male,821-987-2906,Malveira,JavaScripr,2022-03-11 17:10:34
57,Cristionna,O'Leary,coleary1k@blogs.com,Female,909-420-0021,Stockholm,Java,2022-04-22 19:47:28
58,Barney,Cuseck,bcuseck1l@rakuten.co.jp,Male,154-100-3932,Ucluelet,WEB,2022-04-13 08:12:56
59,Erl,Featherstone,efeatherstone1m@w3.org,Male,303-314-0232,Tecpán Guatemala,JavaScripr,2021-08-08 07:41:30
60,Gavan,Digance,gdigance1n@mail.ru,Male,398-768-4683,Ostrožská Lhota,C#,2022-04-30 02:26:22
61,Milo,O'Hingerty,mohingerty1o@altervista.org,Male,958-612-5306,Bera,SQA,2021-08-03 00:53:10
62,Frazier,Wardle,fwardle1p@washingtonpost.com,Male,103-486-1998,Xiaojin,SQL,2021-07-10 19:57:36
63,Marta,Pelz,mpelz1q@aboutads.info,Female,196-508-9425,Tétouan,Kotlin,2022-03-24 22:53:47
64,Cordula,Starte,cstarte1r@ca.gov,Female,535-215-2193,Kvänum,SQA,2021-05-11 12:01:42
65,Rinaldo,Betts,rbetts1s@soundcloud.com,Male,685-517-7016,Motala,C++,2021-08-23 14:11:09
66,Ruperto,Jacklin,rjacklin1t@forbes.com,Male,499-660-6398,Voskopojë,SQL,2021-09-08 08:28:07
67,Kinny,Sokale,ksokale1u@prweb.com,Non-binary,234-771-9752,Shunyi,Frontend,2021-07-19 20:30:03
68,Sergent,Sleep,ssleep1v@edublogs.org,Male,310-237-8229,Alajuela,Frontend,2021-05-03 03:15:45
69,Jordan,Lyall,jlyall1w@cam.ac.uk,Female,148-692-5379,Kham Sakae Saeng,Frontend,2021-10-14 03:25:48
70,Tailor,Hamblington,thamblington1x@alexa.com,Male,166-752-2313,Rancapanjang,SQA,2022-04-06 13:37:46
71,Tobye,Spaxman,tspaxman1y@cam.ac.uk,Female,258-736-5078,Asemanis,SQA,2021-05-27 16:01:52
72,Titus,Josskovitz,tjosskovitz1z@cisco.com,Male,383-923-6316,Bulung’ur,JavaScripr,2022-05-22 11:23:04
73,Stace,O' Mulderrig,somulderrig20@google.pl,Female,452-111-5941,Lecheng,Java,2022-01-10 19:14:31
74,Brant,Gheeraert,bgheeraert21@whitehouse.gov,Non-binary,688-817-1646,Kitamilo,SQL,2021-07-27 12:41:19
75,Dore,Rockhall,drockhall22@pbs.org,Male,947-557-9790,Siqian,Backend,2021-04-26 10:06:06
76,Lelia,Linthead,llinthead23@zdnet.com,Female,569-515-0027,Novovorontsovka,JavaScripr,2021-04-07 14:54:33
77,Aline,Bushen,abushen24@bigcartel.com,Female,266-148-5216,Chimen,Photoshop,2021-09-24 19:49:08
78,Waneta,Dann,wdann25@unicef.org,Female,389-361-7643,Pantukan,PHP,2022-05-22 20:58:19
79,Nickola,Cliffe,ncliffe26@indiegogo.com,Male,651-313-8580,Kepoh,WEB,2021-09-28 07:15:04
80,Gran,Trigg,gtrigg27@washington.edu,Male,592-587-6185,Leeuwarden,Photoshop,2021-07-14 23:58:01
81,Cleveland,Guisler,cguisler28@mediafire.com,Male,819-897-8124,Stanley,Java,2021-10-29 21:40:51
82,Emmet,Ramlot,eramlot29@who.int,Male,490-184-8022,Čačak,JavaScripr,2021-05-31 13:40:29
83,Reiko,Stock,rstock2a@seesaa.net,Non-binary,687-111-5652,Al Ḩayfah,JavaScripr,2021-06-03 21:47:30
84,Ariana,Mantione,amantione2b@sun.com,Female,499-553-6673,Malakwāl,C#,2021-12-14 20:44:07
85,Leeanne,Shine,lshine2c@opera.com,Female,324-195-5224,Aeka,Photoshop,2021-05-26 10:34:51
86,Tobin,Allinson,tallinson2d@g.co,Male,745-895-3610,Olszyna,Java,2022-04-23 08:12:22
87,Lucilia,Gilfoyle,lgilfoyle2e@vk.com,Female,748-441-6661,Padre Paraíso,Kotlin,2021-09-17 15:51:02
88,Chaunce,Fieldgate,cfieldgate2f@chicagotribune.com,Male,868-827-4206,Non Sung,Backend,2022-01-01 19:19:47
89,Guendolen,Hansana,ghansana2g@craigslist.org,Female,357-790-2969,Pereira,Photoshop,2022-03-08 17:27:19
90,Rodolphe,Manie,rmanie2h@tripadvisor.com,Male,808-322-8204,Ituberá,Kotlin,2021-12-04 00:01:46
91,Finlay,Wagner,fwagner2i@squidoo.com,Male,179-972-8261,Zaraysk,Devops,2022-05-09 03:11:44
92,Porter,Whittier,pwhittier2j@printfriendly.com,Male,175-795-5750,Selouane,Frontend,2021-06-07 10:32:12
93,Krysta,Meardon,kmeardon2k@t-online.de,Female,348-839-4835,Jiahe,JavaScripr,2021-08-24 15:06:58
94,Carny,Wordesworth,cwordesworth2l@irs.gov,Male,557-132-7400,Ubajami,Devops,2021-12-22 10:21:34
95,Elianore,Poyntz,epoyntz2m@google.com,Female,668-247-5772,Tuanjie,JavaScripr,2022-03-20 01:48:44
96,Aleda,Giotto,agiotto2n@github.io,Female,158-709-2643,Nariño,C++,2022-05-06 12:34:01
97,Avrit,Bennet,abennet2o@businessweek.com,Female,861-413-5376,Gowa,C++,2022-04-23 14:57:57
98,Cordi,Brizland,cbrizland2p@hubpages.com,Female,465-165-8098,Bajiao,JavaScripr,2022-03-10 19:18:55
99,Karine,Bonn,kbonn2q@timesonline.co.uk,Female,954-840-3084,Kapenguria,C++,2021-03-20 01:55:02
100,Hyacinthia,Morillas,hmorillas2r@edublogs.org,Female,656-636-6365,Teresópolis,Backend,2021-08-18 20:09:19
